"miRNA","S_mirna"
"hsa-miR-6726-5p",3.78076486598633
"hsa-miR-6893-5p",2.11350927482752
"hsa-miR-643 ",1.89578611580068
"hsa-miR-3920 ",3.99054910420131
"hsa-miR-520a-5p",0.647817481888638
"hsa-miR-3121-3p",1.19572423287091
"hsa-miR-4633-3p",1.92323822807579
"hsa-miR-3922-5p",1.08442430146
"hsa-miR-100-3p",4.84163750790475
"hsa-miR-4463 ",2.4678828837512
