"miRNA","S_mirna"
"hsa-miR-130a-3p",3.92081875395238
"hsa-miR-19b-3p",3.92081875395238
"hsa-miR-203a-3p",4.00788851221305
"hsa-miR-221-3p",2.25492520841794
"hsa-miR-29a-3p",1.62433638603911
"hsa-miR-29b-3p",1.97881070093006
"hsa-miR-29c-3p",1.07572071393812
"hsa-miR-424-5p",2.49147028102871
"hsa-miR-503-5p",0.764471553092451
"hsa-miR-92a-3p",2.22305680180532
