"miRNA","S_mirna"
"hsa-miR-130a-3p",2.00877392430751
"hsa-miR-19b-3p",2.15989390554324
"hsa-miR-203a-3p",1.72584215073632
"hsa-miR-221-3p",1.08442430146
"hsa-miR-29a-3p",0.896685074235656
"hsa-miR-29b-3p",0.647817481888638
"hsa-miR-29c-3p",1.08442430146
"hsa-miR-424-5p",0.312471038785366
"hsa-miR-503-5p",0.312471038785366
"hsa-miR-92a-3p",1.92323822807579
