"miRNA","S_mirna"
"hsa-miR-8053 ",1.19572423287091
"hsa-miR-9898 ",0.896685074235656
"hsa-miR-6813-5p",3.99054910420131
"hsa-miR-548v",2.15989390554324
"hsa-miR-3691-5p",1.08442430146
"hsa-miR-4765 ",3.30803489723264
"hsa-miR-34a-5p",1.99121063438543
"hsa-miR-6840-3p",2.41612140150137
"hsa-miR-3162-3p",2.11350927482752
"hsa-miR-663b",3.75092399631639
