"miRNA","S_mirna"
"hsa-miR-362-3p",1.76815985111518
"hsa-miR-652-3p",0.777283528852417
"hsa-miR-2682-5p",1.08442430146
"hsa-miR-29c-5p",3.75092399631639
"hsa-miR-3689a-5p",2.4678828837512
"hsa-miR-6828-3p",2.00877392430751
"hsa-miR-370-5p",1.08442430146
"hsa-miR-3162-3p",2.4678828837512
"hsa-miR-374c-5p",1.72584215073632
"hsa-miR-1203 ",1.57688020952522
