"miRNA","S_mirna"
"hsa-miR-6732-5p",2.15989390554324
"hsa-miR-384 ",1.08442430146
"hsa-miR-3144-5p",0.312471038785366
"hsa-miR-7-5p",0.896685074235656
"hsa-miR-3652 ",4.04296768365306
"hsa-miR-4766-5p",1.99121063438543
"hsa-miR-6871-5p",2.00877392430751
"hsa-miR-106a-5p",2.4678828837512
"hsa-miR-4462 ",2.4678828837512
"hsa-miR-154-5p",1.72584215073632
