"miRNA","S_mirna"
"hsa-miR-126-3p",2.11350927482752
"hsa-miR-146a-5p",3.78076486598633
"hsa-miR-148a-3p",3.75092399631639
"hsa-miR-155-5p",2.41612140150137
"hsa-miR-181a-5p",1.57688020952522
"hsa-miR-183-5p",0.777283528852417
"hsa-miR-200a-3p",2.11350927482752
"hsa-miR-21-5p",1.73439612341496
"hsa-miR-26a-5p",3.99054910420131
"hsa-miR-30a-3p",1.99121063438543
"hsa-miR-31-5p",4.04296768365306
"hsa-miR-32-5p",1.76815985111518
"hsa-miR-34a-5p",2.11350927482752
"hsa-miR-7-5p",1.89578611580068
